{"loss": [0.34216806292533875, 0.32485276460647583, 0.24933761358261108, 0.18525853753089905, 0.19934137165546417, 0.2136041671037674, 0.1899023801088333, 0.16491550207138062, 0.17949387431144714, 0.15601544082164764], "accuracy": [0.8594348430633545, 0.8692528605461121, 0.8996647596359253, 0.929837167263031, 0.9243295192718506, 0.920258641242981, 0.9324712753295898, 0.9384578466415405, 0.9348658919334412, 0.9408524632453918], "precision": [0.9517117142677307, 0.9556984901428223, 0.9665388464927673, 0.976222813129425, 0.9766082167625427, 0.9729914665222168, 0.9776195287704468, 0.980047345161438, 0.978644073009491, 0.980704128742218], "recall": [0.8535875678062439, 0.8637390732765198, 0.8956718444824219, 0.9279948472976685, 0.91966313123703, 0.918064534664154, 0.9303001165390015, 0.9360465407371521, 0.9324935674667358, 0.9384515881538391], "val_loss": [2.665142059326172, 85.94430541992188, 3.605760335922241, 53.72022247314453, 4.93332576751709, 67.260498046875, 3.854248046875, 2.056537628173828, 2.017308473587036, 1.2387174367904663], "val_accuracy": [0.7471153736114502, 0.2528846263885498, 0.4019230902194977, 0.2557692229747772, 0.7471153736114502, 0.2528846263885498, 0.7471153736114502, 0.5769230723381042, 0.33365383744239807, 0.7490384578704834], "val_precision": [0.7471153736114502, 0.0, 1.0, 0.0, 0.7471153736114502, 0.0, 0.7471153736114502, 0.9883381724357605, 1.0, 0.7487969398498535], "val_recall": [1.0, 0.0, 0.1984536051750183, 0.0, 1.0, 0.0, 1.0, 0.4374193549156189, 0.10695876181125641, 1.0]}