{"loss": [0.3539113402366638, 0.20641618967056274, 0.20701251924037933, 0.17781250178813934, 0.17281116545200348, 0.1524335891008377, 0.15715207159519196, 0.15411539375782013, 0.15464724600315094, 0.14381709694862366, 0.1526356339454651, 0.12913070619106293, 0.13567809760570526, 0.1261218935251236, 0.15333296358585358, 0.1306476891040802, 0.1271378993988037, 0.11437679082155228, 0.11588268727064133, 0.12541933357715607, 0.12787513434886932, 0.12131190299987793, 0.1072198823094368, 0.12418399006128311, 0.1227123960852623, 0.11165215820074081, 0.09824669361114502, 0.0920649990439415, 0.09922225773334503, 0.09434621036052704, 0.10471012443304062, 0.1009305790066719, 0.09061454981565475, 0.09225194901227951, 0.1025288999080658, 0.08562164008617401, 0.10086267441511154, 0.08824717998504639, 0.1156693696975708, 0.09258908778429031, 0.0867399275302887, 0.09679795056581497, 0.08472223579883575, 0.07974305003881454, 0.07766633480787277, 0.06937597692012787, 0.07739389687776566, 0.08075720816850662, 0.09441649168729782, 0.07143861800432205, 0.08065789192914963, 0.08324481546878815, 0.07811933755874634, 0.07509016245603561, 0.06432358920574188, 0.06877205520868301, 0.07857191562652588, 0.08309523016214371, 0.07274894416332245, 0.0708867684006691, 0.0647134855389595, 0.06847606599330902, 0.07322346419095993, 0.07805574685335159, 0.07020288705825806, 0.07816766947507858, 0.06881649792194366, 0.06285612285137177, 0.07477513700723648, 0.07273121923208237, 0.0796961709856987, 0.0686824694275856, 0.06456064432859421, 0.06245749071240425, 0.05937986075878143, 0.055079344660043716, 0.05874645337462425, 0.07510891556739807, 0.07437123358249664, 0.08767478168010712, 0.0688587948679924, 0.06436873227357864, 0.06783528625965118, 0.06768752634525299, 0.07006455212831497, 0.07295116782188416, 0.07457774132490158, 0.061110708862543106, 0.06444630026817322, 0.07125889509916306, 0.0647919774055481, 0.07376731932163239, 0.06500991433858871, 0.06066098436713219, 0.06389246135950089, 0.06020244210958481, 0.0678165853023529, 0.07031696289777756, 0.062721848487854, 0.055453840643167496], "Accuracy": [0.8482024669647217, 0.9139952063560486, 0.9172009825706482, 0.9287351965904236, 0.9302306771278381, 0.9413432478904724, 0.9385342001914978, 0.9382492899894714, 0.937701940536499, 0.9435891509056091, 0.9411886930465698, 0.947649359703064, 0.9461469054222107, 0.9512483477592468, 0.9420610666275024, 0.9488516449928284, 0.9507287740707397, 0.9540883898735046, 0.9514105916023254, 0.9498155117034912, 0.951727032661438, 0.9533922076225281, 0.9566939473152161, 0.9507094621658325, 0.9525240659713745, 0.9544777870178223, 0.9603504538536072, 0.9631755948066711, 0.958972692489624, 0.9631287455558777, 0.9580183029174805, 0.9597405791282654, 0.9636097550392151, 0.9639488458633423, 0.9611961245536804, 0.9697273373603821, 0.9612387418746948, 0.9652047157287598, 0.9525459408760071, 0.9615375399589539, 0.9659772515296936, 0.9609906077384949, 0.964634895324707, 0.9687256217002869, 0.9677610397338867, 0.9714148640632629, 0.9678522348403931, 0.9668501615524292, 0.9632962942123413, 0.9720539450645447, 0.9669527411460876, 0.9653616547584534, 0.9698799252510071, 0.9696673154830933, 0.9731086492538452, 0.9735807776451111, 0.9671123623847961, 0.9683058857917786, 0.9700462818145752, 0.9702562689781189, 0.973966121673584, 0.9719202518463135, 0.9690327644348145, 0.9679441452026367, 0.9727654457092285, 0.9671879410743713, 0.9721839427947998, 0.9746934771537781, 0.9696952700614929, 0.9698503017425537, 0.9686334729194641, 0.9722977876663208, 0.974078893661499, 0.9749304056167603, 0.9761911630630493, 0.9781287312507629, 0.9748973846435547, 0.9737672805786133, 0.9715677499771118, 0.9692355990409851, 0.973150372505188, 0.9738926291465759, 0.9718811511993408, 0.9725779891014099, 0.971247673034668, 0.9701591730117798, 0.9688305258750916, 0.9758679270744324, 0.9729924201965332, 0.9696226119995117, 0.9742139577865601, 0.9711599946022034, 0.973259687423706, 0.9741742014884949, 0.9744607210159302, 0.9749977588653564, 0.9721009135246277, 0.9710090160369873, 0.9738449454307556, 0.9767484664916992], "val_loss": [0.642315685749054, 0.5907835960388184, 0.5791249871253967, 0.557737410068512, 0.5440433025360107, 0.5400639772415161, 0.5425238013267517, 0.5536377429962158, 0.5538070201873779, 0.5486427545547485, 0.5415765643119812, 0.6052708625793457, 0.5635632872581482, 0.5430226922035217, 0.5311993360519409, 0.6233354806900024, 0.5551769733428955, 0.7009974718093872, 0.6211063861846924, 0.5635790228843689, 0.5579065084457397, 0.528748095035553, 0.6132141947746277, 0.4754434823989868, 0.44835227727890015, 0.4343786835670471, 0.38698792457580566, 0.37321752309799194, 0.347895085811615, 0.2890373468399048, 0.3399500250816345, 0.2429250180721283, 0.21655824780464172, 0.19080984592437744, 0.22618481516838074, 0.2129000425338745, 0.16703343391418457, 0.16754969954490662, 0.1878979504108429, 0.1984865367412567, 0.20338311791419983, 0.16546481847763062, 0.2508543133735657, 0.1748056709766388, 0.21104036271572113, 0.24458563327789307, 0.20403547585010529, 0.23744460940361023, 0.22674939036369324, 0.21315151453018188, 0.20532363653182983, 0.20640325546264648, 0.1756056249141693, 0.198429673910141, 0.21863044798374176, 0.16040268540382385, 0.16817975044250488, 0.24597150087356567, 0.22015297412872314, 0.15756948292255402, 0.2361467480659485, 0.18769852817058563, 0.2333815097808838, 0.17038238048553467, 0.22615164518356323, 0.20904496312141418, 0.17192639410495758, 0.18301117420196533, 0.20710362493991852, 0.22898361086845398, 0.18877263367176056, 0.1979592740535736, 0.21881155669689178, 0.2255576252937317, 0.22007685899734497, 0.23366492986679077, 0.242136150598526, 0.2623406648635864, 0.21857726573944092, 0.1567782163619995, 0.19173116981983185, 0.18252268433570862, 0.19296029210090637, 0.24295574426651, 0.29680323600769043, 0.23283395171165466, 0.18495164811611176, 0.21660053730010986, 0.24512387812137604, 0.16101086139678955, 0.18381114304065704, 0.2611513137817383, 0.20249156653881073, 0.2652410864830017, 0.23200681805610657, 0.15870705246925354, 0.20012325048446655, 0.22744950652122498, 0.2408437877893448, 0.1899210810661316],