{"loss": [0.5147358179092407, 0.40179958939552307, 0.4324803352355957, 0.3972534239292145, 0.3879016637802124, 0.3845978081226349, 0.39074116945266724, 0.385206401348114, 0.3807547390460968, 0.38600805401802063, 0.3670390844345093, 0.36912792921066284, 0.372366726398468, 0.38039129972457886, 0.3486247956752777, 0.3619996905326843, 0.34804779291152954, 0.34124112129211426, 0.34801343083381653, 0.34679338335990906, 0.3459889888763428, 0.34046709537506104, 0.3515307605266571, 0.33380481600761414, 0.32663410902023315, 0.3136196434497833, 0.3220262825489044, 0.3185591995716095, 0.3185918927192688, 0.3276253938674927, 0.34131887555122375, 0.3193404972553253, 0.3144368529319763, 0.3119371235370636, 0.3042352795600891, 0.3008166551589966, 0.30634236335754395, 0.3007989525794983, 0.3015580177307129, 0.3017643988132477, 0.30838143825531006, 0.2959640324115753, 0.2783249318599701, 0.2919853925704956, 0.3024842441082001, 0.28563860058784485, 0.2925662696361542, 0.30123424530029297, 0.2822170853614807, 0.29235467314720154, 0.30477094650268555, 0.28718554973602295, 0.29254150390625, 0.26708224415779114, 0.29460689425468445, 0.3079875707626343, 0.28786033391952515, 0.28521573543548584, 0.2846793532371521, 0.287956178188324, 0.2809695303440094, 0.28054651618003845, 0.27573713660240173, 0.2921225130558014, 0.27658236026763916, 0.2847183048725128, 0.2695240378379822, 0.2680114507675171, 0.27673834562301636, 0.28525862097740173, 0.2757430076599121, 0.2828371822834015, 0.27236250042915344, 0.28843143582344055, 0.26672816276550293, 0.27753445506095886, 0.3176092803478241, 0.2902800738811493, 0.2829923629760742, 0.27600306272506714, 0.2859005928039551, 0.26138246059417725, 0.26442310214042664, 0.2701578736305237, 0.2806195020675659, 0.279835969209671, 0.2733246982097626, 0.28034159541130066, 0.2813427746295929, 0.2744635343551636, 0.2837938070297241, 0.28245246410369873, 0.2856183350086212, 0.2668581008911133, 0.2726929485797882, 0.2904914617538452, 0.2628481984138489, 0.26818394660949707, 0.27218377590179443, 0.27265891432762146], "Accuracy": [0.8017425537109375, 0.8611825704574585, 0.8448581695556641, 0.863202691078186, 0.8646808862686157, 0.8682604432106018, 0.8699524402618408, 0.859136700630188, 0.8757408261299133, 0.8522259593009949, 0.8669968843460083, 0.865276575088501, 0.8673709034919739, 0.8476502895355225, 0.8752939701080322, 0.8722308278083801, 0.8670000433921814, 0.8761070370674133, 0.8745162487030029, 0.8734745383262634, 0.8635827302932739, 0.8829619884490967, 0.8571529388427734, 0.8708068132400513, 0.8779271245002747, 0.8860806822776794, 0.8719310164451599, 0.8751163482666016, 0.8808909058570862, 0.8677191734313965, 0.8553588390350342, 0.8768099546432495, 0.8744210600852966, 0.8681962490081787, 0.8849869966506958, 0.8775489926338196, 0.878196120262146, 0.8841760754585266, 0.8821334838867188, 0.882725715637207, 0.8714825510978699, 0.8801784515380859, 0.8953183889389038, 0.888924241065979, 0.8722199201583862, 0.8815320730209351, 0.8755174279212952, 0.877922773361206, 0.8904064297676086, 0.8802320957183838, 0.8714830279350281, 0.8822521567344666, 0.8767920136451721, 0.8911350965499878, 0.8742152452468872, 0.870669960975647, 0.8838428854942322, 0.883630633354187, 0.8817138671875, 0.8813919425010681, 0.8843889236450195, 0.8841558694839478, 0.8870847821235657, 0.8711458444595337, 0.8894349932670593, 0.8800371885299683, 0.8907924294471741, 0.8897518515586853, 0.8858609795570374, 0.8799863457679749, 0.8846646547317505, 0.879167914390564, 0.8866379261016846, 0.873738169670105, 0.8946552872657776, 0.8851111531257629, 0.8709097504615784, 0.8825596570968628, 0.8770095109939575, 0.8828168511390686, 0.8825046420097351, 0.8921322226524353, 0.8890935778617859, 0.8909855484962463, 0.8839675188064575, 0.8852903842926025, 0.8913954496383667, 0.8844409584999084, 0.8792238235473633, 0.8863896131515503, 0.8788487911224365, 0.8835967183113098, 0.8815879225730896, 0.8897788524627686, 0.8855350017547607, 0.8790132403373718, 0.8924708962440491, 0.8908229470252991, 0.8893464207649231, 0.8859460949897766], "val_loss": [0.6787357330322266, 0.6635192036628723, 0.6641347408294678, 0.6594288349151611, 0.6489053964614868, 0.627723217010498, 0.6446785926818848, 0.6216937303543091, 0.6219695210456848, 0.6248055696487427, 0.6162936687469482, 0.6097136735916138, 0.6173511743545532, 0.5829886794090271, 0.5537069439888, 0.5658310651779175, 0.5470380187034607, 0.5367958545684814, 0.5170866250991821, 0.4951677918434143, 0.47724682092666626, 0.49078369140625, 0.4589100182056427, 0.4384152889251709, 0.42132866382598877, 0.39370936155319214, 0.38688263297080994, 0.36572691798210144, 0.360573947429657, 0.3704031705856323, 0.3597979247570038, 0.3451250493526459, 0.3300301432609558, 0.3270132541656494, 0.33352354168891907, 0.319987028837204, 0.340898722410202, 0.3221195936203003, 0.3314101994037628, 0.33033487200737, 0.3353916108608246, 0.3255225121974945, 0.3207756578922272, 0.35477814078330994, 0.3692341446876526, 0.3213997185230255, 0.32030075788497925, 0.3436011075973511, 0.3208419382572174, 0.32216542959213257, 0.3232114315032959, 0.32708120346069336, 0.3260830342769623, 0.3169197142124176, 0.32469072937965393, 0.32992786169052124, 0.3137565553188324, 0.3366495668888092, 0.33402347564697266, 0.31526631116867065, 0.3145833909511566, 0.3165939748287201, 0.3101632297039032, 0.3278581202030182, 0.3397035002708435, 0.32059603929519653, 0.3050771653652191, 0.30644747614860535, 0.30621224641799927, 0.31699514389038086, 0.3180646598339081, 0.31315070390701294, 0.3052341043949127, 0.30245113372802734, 0.3021785318851471, 0.3143126666545868, 0.33782485127449036, 0.30670374631881714, 0.32015952467918396, 0.3124183416366577, 0.30484557151794434, 0.3180740773677826, 0.3140450119972229, 0.3159242868423462, 0.3162323534488678, 0.31791749596595764, 0.3125242590904236, 0.32840508222579956, 0.33647486567497253, 0.3086753189563751, 0.31427401304244995, 0.31410208344459534, 0.31526753306388855, 0.31204426288604736, 0.3076156675815582, 0.31297415494918823, 0.301838219165802, 0.3183748722076416, 0.2994796931743622, 0.29421311616897583],