{"loss": [0.4622494876384735, 0.28238990902900696, 0.24720239639282227, 0.23500904440879822, 0.20218563079833984, 0.16475237905979156, 0.19178910553455353, 0.1706273853778839, 0.16018299758434296, 0.188563734292984, 0.2095898985862732, 0.16237980127334595, 0.19070716202259064, 0.15111683309078217, 0.1345457285642624, 0.12414216995239258, 0.15197716653347015, 0.16369374096393585, 0.12710168957710266, 0.13508690893650055, 0.15979427099227905, 0.13005882501602173, 0.14029616117477417, 0.13689923286437988, 0.12596267461776733, 0.13157059252262115, 0.1822630912065506, 0.15161867439746857, 0.13691754639148712, 0.11266142874956131, 0.10722672194242477, 0.1135871410369873, 0.10782234370708466, 0.1111118346452713, 0.1244211196899414, 0.12555904686450958, 0.13458679616451263, 0.11198893189430237, 0.13808131217956543, 0.12859800457954407, 0.1427173763513565, 0.10620767623186111, 0.11373183131217957, 0.10355352610349655, 0.11213377118110657, 0.12177335470914841, 0.12017305195331573, 0.08842682093381882, 0.09867048263549805, 0.09277058392763138, 0.1089659035205841, 0.09017477184534073, 0.09838297963142395, 0.10355355590581894, 0.10303647816181183, 0.08204128593206406, 0.10051670670509338, 0.08595559000968933, 0.0960993841290474, 0.07771512866020203, 0.08836252242326736, 0.08292955905199051, 0.09594080597162247, 0.10388223826885223, 0.10823467373847961, 0.11924052983522415, 0.11424124985933304, 0.10742616653442383, 0.0916527584195137, 0.09026604145765305, 0.08523675799369812, 0.08138084411621094, 0.06996038556098938, 0.08449827879667282, 0.08876483887434006, 0.08138082176446915, 0.07582537084817886, 0.08301016688346863, 0.06688143312931061, 0.07080084830522537, 0.07128065079450607, 0.07141835987567902, 0.07314149290323257, 0.076537124812603, 0.07441018521785736, 0.07819879800081253, 0.07832848280668259, 0.06791702657938004, 0.08858484774827957, 0.10459592938423157, 0.0810212567448616, 0.06442984193563461, 0.0690731331706047, 0.06821819394826889, 0.07622698694467545, 0.07684352993965149, 0.08497445285320282, 0.08074259757995605, 0.07887322455644608, 0.0758383497595787], "Accuracy": [0.8357878923416138, 0.8784521818161011, 0.898259162902832, 0.8917891383171082, 0.9135377407073975, 0.9314119219779968, 0.9271327257156372, 0.9293631315231323, 0.9410434365272522, 0.9235087037086487, 0.9154939651489258, 0.931296706199646, 0.9180892109870911, 0.9399161338806152, 0.9437142014503479, 0.9511719942092896, 0.9411615133285522, 0.9273292422294617, 0.9522519707679749, 0.9456450343132019, 0.9303804636001587, 0.9472290873527527, 0.9434660077095032, 0.9429644346237183, 0.9479550719261169, 0.9447037577629089, 0.9225043058395386, 0.9345653653144836, 0.9427560567855835, 0.9536110758781433, 0.9565908312797546, 0.952751874923706, 0.9559884071350098, 0.9551550149917603, 0.9500135183334351, 0.9501779675483704, 0.9443525671958923, 0.9558694958686829, 0.9452837705612183, 0.9505728483200073, 0.9422324299812317, 0.9536406397819519, 0.9543117880821228, 0.9563600420951843, 0.9570044279098511, 0.9479207396507263, 0.9493976831436157, 0.9658098816871643, 0.9576926231384277, 0.9633998274803162, 0.9546521902084351, 0.9655066132545471, 0.9598429203033447, 0.9596032500267029, 0.9574161171913147, 0.9657248258590698, 0.959524393081665, 0.9652280807495117, 0.9593802094459534, 0.9691151976585388, 0.9658883810043335, 0.9660204648971558, 0.961105465888977, 0.9602415561676025, 0.9571296572685242, 0.9506497979164124, 0.9557754993438721, 0.9556920528411865, 0.9616220593452454, 0.9654098153114319, 0.9645885825157166, 0.9665632247924805, 0.9724541306495667, 0.9664390683174133, 0.9629747271537781, 0.9680094718933105, 0.9723789095878601, 0.9659522175788879, 0.9736580848693848, 0.9716967344284058, 0.9711779356002808, 0.9705773591995239, 0.9704157114028931, 0.9680112600326538, 0.9703531861305237, 0.9687113761901855, 0.9683706164360046, 0.9731631875038147, 0.9626397490501404, 0.9580721259117126, 0.9667615294456482, 0.9737553000450134, 0.9717957377433777, 0.9713495373725891, 0.9669921398162842, 0.9701496362686157, 0.9645107388496399, 0.967670202255249, 0.969671368598938, 0.9702765941619873], "val_loss": [0.5732834935188293, 0.5438523888587952, 0.5413947105407715, 0.5536805987358093, 0.5720661282539368, 0.6573159694671631, 0.6419271230697632, 0.6559022068977356, 0.684977650642395, 0.6108464598655701, 0.6537639498710632, 0.7752525210380554, 0.7146711349487305, 0.681956946849823, 0.5951932072639465, 0.6315678954124451, 0.6305410861968994, 0.5840276479721069, 0.7267257571220398, 0.5791306495666504, 0.55882728099823, 0.5564558506011963, 0.4911476671695709, 0.5174270272254944, 0.40794065594673157, 0.3729024827480316, 0.3502812087535858, 0.30191826820373535, 0.32486867904663086, 0.2844146192073822, 0.22870953381061554, 0.20125140249729156, 0.19463469088077545, 0.17408870160579681, 0.1677941530942917, 0.2076769769191742, 0.1588156372308731, 0.1509544998407364, 0.22724772989749908, 0.1697629988193512, 0.1594090759754181, 0.1619279980659485, 0.16372773051261902, 0.1572277843952179, 0.20036856830120087, 0.18425661325454712, 0.23615792393684387, 0.15266022086143494, 0.1670735776424408, 0.19695889949798584, 0.15691646933555603, 0.2090848684310913, 0.21859551966190338, 0.15176308155059814, 0.2301974594593048, 0.1681203991174698, 0.16108569502830505, 0.16552190482616425, 0.14879940450191498, 0.1605130285024643, 0.17731426656246185, 0.16755634546279907, 0.19340436160564423, 0.13208778202533722, 0.21587304770946503, 0.18949668109416962, 0.23729492723941803, 0.2245187759399414, 0.13494525849819183, 0.1681346446275711, 0.2216801643371582, 0.18035508692264557, 0.17337539792060852, 0.1709323674440384, 0.17668914794921875, 0.15659350156784058, 0.13852138817310333, 0.16205237805843353, 0.16399313509464264, 0.1765131801366806, 0.1569518744945526, 0.13043855130672455, 0.15306350588798523, 0.20277121663093567, 0.2187674343585968, 0.18085184693336487, 0.17364995181560516, 0.15709984302520752, 0.20112529397010803, 0.2646072208881378, 0.15926218032836914, 0.1546473652124405, 0.17304304242134094, 0.1401406079530716, 0.1564495861530304, 0.21032282710075378, 0.22742663323879242, 0.16557955741882324, 0.17392335832118988, 0.15892130136489868],