{"loss": [0.754548966884613, 0.3290712535381317, 0.26427438855171204, 0.2543739676475525, 0.226308211684227, 0.20967116951942444, 0.20760279893875122, 0.2709491550922394, 0.24462294578552246, 0.19341297447681427, 0.19400237500667572, 0.18924541771411896, 0.14264334738254547, 0.17695550620555878, 0.15662802755832672, 0.15211711823940277, 0.15272480249404907, 0.15733009576797485, 0.15747103095054626, 0.15901613235473633, 0.13166050612926483, 0.15424573421478271, 0.1581149697303772, 0.1654813438653946, 0.15694724023342133, 0.12635041773319244, 0.12422335892915726, 0.12210310250520706, 0.13480845093727112, 0.12494849413633347, 0.11765369772911072, 0.11969435960054398, 0.11492373794317245, 0.10909382998943329, 0.11656584590673447, 0.12078866362571716, 0.11526668071746826, 0.11292719095945358, 0.12617793679237366, 0.10627918690443039, 0.10978791862726212, 0.14467646181583405, 0.12980827689170837, 0.11519432812929153, 0.10507102310657501, 0.10865387320518494, 0.11419644206762314, 0.12013695389032364, 0.13000009953975677, 0.09166733920574188, 0.11915197968482971, 0.11522933840751648, 0.10151481628417969, 0.12957128882408142, 0.10506696254014969, 0.08988948911428452, 0.08465215563774109, 0.10468537360429764, 0.09688078612089157, 0.09380822628736496, 0.13417746126651764, 0.10301171988248825, 0.09949352592229843, 0.08225035667419434, 0.08262032270431519, 0.1399063915014267, 0.11014091223478317, 0.08954360336065292, 0.11499326676130295, 0.11185756325721741, 0.08488316833972931, 0.08522268384695053, 0.08552762866020203, 0.08230143040418625, 0.10149180889129639, 0.09439637511968613, 0.10212245583534241, 0.1013382151722908, 0.07707232981920242, 0.08887665718793869, 0.09487685561180115, 0.09170258790254593, 0.10064684599637985, 0.09667675942182541, 0.08471653610467911, 0.08294767886400223, 0.10104236006736755, 0.0847979411482811, 0.08046855032444, 0.09612370282411575, 0.08815112709999084, 0.08779536932706833, 0.09277350455522537, 0.06921874731779099, 0.06307525187730789, 0.07739913463592529, 0.06619829684495926, 0.07572687417268753, 0.10006208717823029, 0.09498105198144913], "Accuracy": [0.8233429193496704, 0.9019530415534973, 0.9043847322463989, 0.9098944664001465, 0.9111599326133728, 0.923060953617096, 0.9191381335258484, 0.9005050659179688, 0.9068738222122192, 0.9235518574714661, 0.9210445880889893, 0.9225479960441589, 0.9426954388618469, 0.9280745983123779, 0.9368748068809509, 0.9388097524642944, 0.9364930987358093, 0.9339571595191956, 0.9354722499847412, 0.9292328357696533, 0.9494714140892029, 0.9394512176513672, 0.9350640177726746, 0.9308086037635803, 0.9339847564697266, 0.9485695362091064, 0.9482482075691223, 0.9530773162841797, 0.9495989084243774, 0.9476255774497986, 0.9522727131843567, 0.9509067535400391, 0.953099250793457, 0.952872633934021, 0.9533869624137878, 0.9499475955963135, 0.9568665027618408, 0.9546319246292114, 0.9481604695320129, 0.9540116786956787, 0.9536608457565308, 0.9450960755348206, 0.950007438659668, 0.9529098868370056, 0.9569581151008606, 0.9565579295158386, 0.9543517231941223, 0.9511913061141968, 0.9445545077323914, 0.9641399383544922, 0.9538601040840149, 0.9556187391281128, 0.9564443826675415, 0.9457131028175354, 0.9573990702629089, 0.962464451789856, 0.96654212474823, 0.9560862183570862, 0.9596487283706665, 0.9601818919181824, 0.9429560899734497, 0.9549921154975891, 0.9596584439277649, 0.9676392078399658, 0.9675731658935547, 0.9378889203071594, 0.9550435543060303, 0.9640653729438782, 0.9553303718566895, 0.9542518854141235, 0.9647922515869141, 0.9648761749267578, 0.966210126876831, 0.9675548672676086, 0.9602481722831726, 0.9627230763435364, 0.9612820148468018, 0.9593791961669922, 0.9693533182144165, 0.9640821814537048, 0.9623411297798157, 0.9639630913734436, 0.9597465395927429, 0.9621740579605103, 0.9675687551498413, 0.9674010872840881, 0.9617930054664612, 0.9643161296844482, 0.9706190228462219, 0.9607343673706055, 0.9627593159675598, 0.966407299041748, 0.9648252129554749, 0.974007248878479, 0.9758639931678772, 0.973089337348938, 0.9727344512939453, 0.9698273539543152, 0.9591609239578247, 0.9625881314277649], "val_loss": [0.5560370087623596, 0.5460694432258606, 0.5410788059234619, 0.568604052066803, 0.5365900993347168, 0.5428104400634766, 0.5337048172950745, 0.5332149863243103, 0.5364861488342285, 0.5281887650489807, 0.5331001877784729, 0.5250512361526489, 0.517192542552948, 0.5357590913772583, 0.5261492133140564, 0.530681848526001, 0.48177096247673035, 0.45971545577049255, 0.43487200140953064, 0.4009631872177124, 0.36336007714271545, 0.34962427616119385, 0.30648863315582275, 0.2832105755805969, 0.24506515264511108, 0.23492470383644104, 0.20186974108219147, 0.1890343427658081, 0.18133267760276794, 0.174823597073555, 0.168524369597435, 0.16939379274845123, 0.1667148619890213, 0.16300900280475616, 0.1660677045583725, 0.16486293077468872, 0.1824495643377304, 0.23423047363758087, 0.2069188952445984, 0.20851092040538788, 0.2070056051015854, 0.2065078616142273, 0.1684621423482895, 0.1562448889017105, 0.14315997064113617, 0.21362926065921783, 0.1657271832227707, 0.23466846346855164, 0.1832789182662964, 0.29670941829681396, 0.21015207469463348, 0.334958016872406, 0.22579717636108398, 0.18090295791625977, 0.1630810648202896, 0.1626853346824646, 0.17353016138076782, 0.18904057145118713, 0.1969982534646988, 0.2500247061252594, 0.2896351218223572, 0.17768870294094086, 0.21078571677207947, 0.1542639136314392, 0.17342422902584076, 0.19941598176956177, 0.17748120427131653, 0.16769079864025116, 0.18303364515304565, 0.19526493549346924, 0.167230024933815, 0.22331437468528748, 0.1955278068780899, 0.17375129461288452, 0.15572187304496765, 0.21545195579528809, 0.24940139055252075, 0.2388352006673813, 0.1994873583316803, 0.3163226246833801, 0.27792537212371826, 0.1815970093011856, 0.2534477412700653, 0.2627348303794861, 0.24690347909927368, 0.19386322796344757, 0.1672336310148239, 0.21289634704589844, 0.21336466073989868, 0.23391281068325043, 0.1652565449476242, 0.15527582168579102, 0.18059612810611725, 0.13176602125167847, 0.18351180851459503, 0.17131665349006653, 0.18429824709892273, 0.19616523385047913, 0.2446046620607376, 0.23343661427497864],