{"loss": [2.188007116317749, 0.865287721157074, 0.46131718158721924, 0.3773116171360016, 0.3408929109573364, 0.28078940510749817, 0.31304243206977844, 0.258427232503891, 0.28422242403030396, 0.2555012106895447, 0.25187966227531433, 0.2439398616552353, 0.21544574201107025, 0.18957699835300446, 0.21836261451244354, 0.20576860010623932, 0.22156082093715668, 0.2189338058233261, 0.18659597635269165, 0.18661890923976898, 0.21163372695446014, 0.19814921915531158, 0.20817424356937408, 0.1945270150899887, 0.1930026412010193, 0.18485623598098755, 0.1760399341583252, 0.17817240953445435, 0.18978352844715118, 0.17930853366851807, 0.17331799864768982, 0.16157108545303345, 0.15490828454494476, 0.14775200188159943, 0.1684022843837738, 0.1519203633069992, 0.17050227522850037, 0.15409749746322632, 0.1477927565574646, 0.15691153705120087, 0.16006428003311157, 0.13659454882144928, 0.182747021317482, 0.14345072209835052, 0.1338268518447876, 0.14065028727054596, 0.1527765393257141, 0.1394687294960022, 0.12574194371700287, 0.13473297655582428, 0.12716692686080933, 0.16579174995422363, 0.1498487889766693, 0.13311877846717834, 0.1444554626941681, 0.14534816145896912, 0.14005360007286072, 0.12604042887687683, 0.1506883203983307, 0.13217651844024658, 0.1473386436700821, 0.1323564201593399, 0.13539794087409973, 0.12174595147371292, 0.12457884103059769, 0.12617753446102142, 0.1267639398574829, 0.11943158507347107, 0.12408501654863358, 0.11273971199989319, 0.12156491726636887, 0.11262296885251999, 0.1420791745185852, 0.10943666100502014, 0.10836955904960632, 0.12275557965040207, 0.1544291377067566, 0.12857000529766083, 0.10807747393846512, 0.13560742139816284, 0.13605736196041107, 0.12092744559049606, 0.13404038548469543, 0.1415044218301773, 0.10997042059898376, 0.10820651054382324, 0.10446827858686447, 0.100224569439888, 0.09727329760789871, 0.09926363825798035, 0.09775593876838684, 0.09707599133253098, 0.10609269887208939, 0.10151929408311844, 0.14284874498844147, 0.11221037060022354, 0.11658075451850891, 0.11832226067781448, 0.10382053256034851, 0.09800081700086594], "Accuracy": [0.21529661118984222, 0.5291277170181274, 0.8145282864570618, 0.8816680908203125, 0.8986998796463013, 0.9199448823928833, 0.9134300351142883, 0.9290674328804016, 0.9210414290428162, 0.9259229302406311, 0.9318965673446655, 0.9349055886268616, 0.9351382851600647, 0.9428470134735107, 0.9362270832061768, 0.9368723034858704, 0.9357624650001526, 0.9365657567977905, 0.9394655823707581, 0.9440183043479919, 0.941114068031311, 0.9377794861793518, 0.9395734071731567, 0.9436967372894287, 0.9433216452598572, 0.9402980208396912, 0.9456490874290466, 0.9451051950454712, 0.9426929354667664, 0.9457097053527832, 0.9492908120155334, 0.947473406791687, 0.9469993114471436, 0.9524103403091431, 0.9523980021476746, 0.9539511799812317, 0.9482358694076538, 0.9519214630126953, 0.952701985836029, 0.9527526497840881, 0.9467353224754333, 0.957250714302063, 0.9415528774261475, 0.9552290439605713, 0.9565081000328064, 0.9562026262283325, 0.953913688659668, 0.9546682238578796, 0.9570264220237732, 0.9593276977539062, 0.9561170339584351, 0.9484307169914246, 0.9566458463668823, 0.9572450518608093, 0.9531822800636292, 0.9559680819511414, 0.9532933235168457, 0.9571182727813721, 0.9513657689094543, 0.9574439525604248, 0.9530727863311768, 0.9536436200141907, 0.9606301188468933, 0.9607834219932556, 0.9605482220649719, 0.9587218165397644, 0.9593194723129272, 0.9614854454994202, 0.9616211652755737, 0.9647058248519897, 0.9618018865585327, 0.9644574522972107, 0.9562054872512817, 0.9620968699455261, 0.9636900424957275, 0.9627208113670349, 0.9514999389648438, 0.9591502547264099, 0.9643101096153259, 0.9613888263702393, 0.9601292014122009, 0.9604945778846741, 0.9562027454376221, 0.9544212818145752, 0.9649609923362732, 0.9667166471481323, 0.9651246666908264, 0.969017505645752, 0.9696095585823059, 0.9668236970901489, 0.9670892953872681, 0.9686102867126465, 0.9652506709098816, 0.9667766690254211, 0.9580731987953186, 0.961946964263916, 0.9617534279823303, 0.9593546390533447, 0.9648456573486328, 0.9690437912940979], "val_loss": [1.3805367946624756, 2.129197120666504, 2.097111463546753, 1.9180326461791992, 1.4472087621688843, 0.9590520262718201, 0.6291422247886658, 0.6113634705543518, 0.667731761932373, 0.4902730882167816, 0.40283989906311035, 0.3742237985134125, 0.2672851085662842, 0.23916873335838318, 0.2548753619194031, 0.2754577100276947, 0.25658297538757324, 0.2218610793352127, 0.28547537326812744, 0.21470896899700165, 0.22789016366004944, 0.2469813972711563, 0.23948781192302704, 0.21639534831047058, 0.23064875602722168, 0.2730470895767212, 0.2575375437736511, 0.23874208331108093, 0.23315009474754333, 0.29187196493148804, 0.25135448575019836, 0.19847549498081207, 0.2583000361919403, 0.20994973182678223, 0.19985149800777435, 0.1947138011455536, 0.21455231308937073, 0.19325663149356842, 0.24252647161483765, 0.24819782376289368, 0.2053321897983551, 0.21436406672000885, 0.23167425394058228, 0.22531193494796753, 0.21215783059597015, 0.20935174822807312, 0.2164086252450943, 0.2245907485485077, 0.23856166005134583, 0.21703094244003296, 0.23998995125293732, 0.22740106284618378, 0.19810566306114197, 0.3356764316558838, 0.20568621158599854, 0.31586503982543945, 0.20051436126232147, 0.21130599081516266, 0.2846994400024414, 0.20673906803131104, 0.23061932623386383, 0.2113938331604004, 0.20266994833946228, 0.21939262747764587, 0.2024713009595871, 0.22882813215255737, 0.2500806748867035, 0.20046502351760864, 0.22392460703849792, 0.22057849168777466, 0.29252171516418457, 0.2368876039981842, 0.23431073129177094, 0.2408105880022049, 0.22094400227069855, 0.21625657379627228, 0.2024325430393219, 0.20454326272010803, 0.22051340341567993, 0.21170775592327118, 0.2689158022403717, 0.27124667167663574, 0.22942142188549042, 0.20972314476966858, 0.2383238822221756, 0.20631855726242065, 0.20026472210884094, 0.2094859778881073, 0.2022758424282074, 0.23556572198867798, 0.2336590439081192, 0.2228691279888153, 0.19471654295921326, 0.23049035668373108, 0.24842384457588196, 0.29999443888664246, 0.1996132880449295, 0.22273893654346466, 0.21822905540466309, 0.20572814345359802],