{"loss": [0.8379082083702087, 0.35780417919158936, 0.26564064621925354, 0.26556235551834106, 0.24257875978946686, 0.20978794991970062, 0.21005086600780487, 0.19939927756786346, 0.1494218409061432, 0.21803002059459686, 0.17939944565296173, 0.18819604814052582, 0.184877410531044, 0.14096038043498993, 0.15942904353141785, 0.14494936168193817, 0.15328507125377655, 0.15646539628505707, 0.14956802129745483, 0.17337848246097565, 0.14717549085617065, 0.11266884207725525, 0.1181483194231987, 0.1608761101961136, 0.15029014647006989, 0.1703617423772812, 0.13366329669952393, 0.11385946720838547, 0.158256396651268, 0.13029994070529938, 0.13986533880233765, 0.10545215010643005, 0.13508757948875427, 0.11660485714673996, 0.08270113915205002, 0.11596106737852097, 0.1352386325597763, 0.13152199983596802, 0.14434872567653656, 0.1245969608426094, 0.12625619769096375, 0.12438540905714035, 0.10701384395360947, 0.12386016547679901, 0.09501563757658005, 0.09817903488874435, 0.09137800335884094, 0.10119053721427917, 0.0910392552614212, 0.10672461986541748, 0.08172296732664108, 0.09928303211927414, 0.116656593978405, 0.12713848054409027, 0.16915012896060944, 0.10640189051628113, 0.08932217955589294, 0.10618472099304199, 0.10861945152282715, 0.10480410605669022, 0.10290401428937912, 0.10673835873603821, 0.06957734376192093, 0.09483074396848679, 0.07552293688058853, 0.08559584617614746, 0.11392854899168015, 0.0954362154006958, 0.11470148712396622, 0.08653462678194046, 0.10221511870622635, 0.09802451729774475, 0.10105455666780472, 0.06806149333715439, 0.09547892212867737, 0.071781687438488, 0.08276797086000443, 0.07252668589353561, 0.085251584649086, 0.10020887106657028, 0.09246468544006348, 0.08668801933526993, 0.11727190762758255, 0.08436404168605804, 0.08062291890382767, 0.07908231765031815, 0.0677478015422821, 0.07519709318876266, 0.07987317442893982, 0.09652001410722733, 0.10869123786687851, 0.10544939339160919, 0.09533185511827469, 0.09743358939886093, 0.07346431910991669, 0.07575580477714539, 0.0723767802119255, 0.07711146026849747, 0.07118305563926697, 0.08378050476312637], "Accuracy": [0.8127428293228149, 0.8840981125831604, 0.9056721329689026, 0.897243082523346, 0.9061586260795593, 0.9243618845939636, 0.9260365962982178, 0.9187044501304626, 0.942703127861023, 0.9098097681999207, 0.934635579586029, 0.9207660555839539, 0.9252153038978577, 0.9404845833778381, 0.9353547692298889, 0.940190315246582, 0.9376011490821838, 0.9375424981117249, 0.9350917935371399, 0.935322642326355, 0.9403079152107239, 0.9558756351470947, 0.9535875916481018, 0.9346024394035339, 0.9395036697387695, 0.9375982880592346, 0.9452970623970032, 0.9566757678985596, 0.9390058517456055, 0.94700026512146, 0.9439030289649963, 0.958625316619873, 0.9444890022277832, 0.9534792304039001, 0.9706839323043823, 0.9532032012939453, 0.9435758590698242, 0.9422797560691833, 0.9420183897018433, 0.9515485167503357, 0.9436123371124268, 0.948639988899231, 0.9580339789390564, 0.9503562450408936, 0.9613263010978699, 0.9620364308357239, 0.9639678597450256, 0.959886908531189, 0.9634333252906799, 0.9571442008018494, 0.9670942425727844, 0.9661311507225037, 0.9535740613937378, 0.9482377171516418, 0.9356065392494202, 0.9561987519264221, 0.9649878144264221, 0.9584311246871948, 0.9564617276191711, 0.9579940438270569, 0.9578088521957397, 0.9564663767814636, 0.9737369418144226, 0.9625723958015442, 0.9697780609130859, 0.9657114148139954, 0.9550539255142212, 0.9614811539649963, 0.9499335289001465, 0.9657011032104492, 0.9597649574279785, 0.9620591998100281, 0.9595295190811157, 0.9748096466064453, 0.9643436670303345, 0.9713426828384399, 0.9657549262046814, 0.9706829190254211, 0.9664452075958252, 0.9621951580047607, 0.9630879163742065, 0.9671318531036377, 0.957649827003479, 0.9669520258903503, 0.9675165414810181, 0.9686304330825806, 0.9735944867134094, 0.9706647992134094, 0.9701027870178223, 0.9618725180625916, 0.9547098278999329, 0.9587234854698181, 0.9627285003662109, 0.9582547545433044, 0.9708217978477478, 0.9705753922462463, 0.9740300178527832, 0.9685145616531372, 0.9718583226203918, 0.9675573110580444], "val_loss": [0.6024356484413147, 0.5863147974014282, 0.5568480491638184, 0.5583036541938782, 0.5804353952407837, 0.5575181841850281, 0.5514904260635376, 0.5529508590698242, 0.5481192469596863, 0.5883837342262268, 0.5432524681091309, 0.5642545819282532, 0.5238180756568909, 0.5015690326690674, 0.5070311427116394, 0.5124264359474182, 0.48440277576446533, 0.44488683342933655, 0.4203762710094452, 0.40368857979774475, 0.3949103057384491, 0.36695197224617004, 0.3225410282611847, 0.32332175970077515, 0.27661052346229553, 0.2619556784629822, 0.22699783742427826, 0.24148313701152802, 0.20202964544296265, 0.19591598212718964, 0.21249793469905853, 0.17744897305965424, 0.19597245752811432, 0.17468853294849396, 0.17646552622318268, 0.16351142525672913, 0.22121597826480865, 0.17745068669319153, 0.19551005959510803, 0.169131800532341, 0.16467009484767914, 0.16929203271865845, 0.17278960347175598, 0.1879635751247406, 0.20584288239479065, 0.21304993331432343, 0.15124770998954773, 0.15306521952152252, 0.15160879492759705, 0.21933914721012115, 0.15441472828388214, 0.15599367022514343, 0.3058202862739563, 0.20970317721366882, 0.3779241442680359, 0.23043324053287506, 0.16741618514060974, 0.1613331437110901, 0.16351662576198578, 0.15466447174549103, 0.25747406482696533, 0.17034626007080078, 0.16524390876293182, 0.21270599961280823, 0.20433422923088074, 0.15181057155132294, 0.19284771382808685, 0.1677854359149933, 0.1792532205581665, 0.22106854617595673, 0.1579943746328354, 0.15603141486644745, 0.15917766094207764, 0.13857291638851166, 0.16959619522094727, 0.1731586903333664, 0.13763518631458282, 0.15154914557933807, 0.1456192582845688, 0.18286143243312836, 0.22946634888648987, 0.20740358531475067, 0.1566399782896042, 0.19291943311691284, 0.1704074889421463, 0.1680557280778885, 0.13963836431503296, 0.1472516804933548, 0.1752626746892929, 0.25378260016441345, 0.20215104520320892, 0.18702176213264465, 0.1344481259584427, 0.12825354933738708, 0.12362492829561234, 0.1312778890132904, 0.20247653126716614, 0.13014893233776093, 0.12735238671302795, 0.13070349395275116],